{"cameraMode":{"drawMode":0,"name":"Shaded","section":"Shading Mode"},"sceneLighting":false,"audioPlay":false,"sceneViewState":{"showFog":true,"showMaterialUpdate":false,"showSkybox":false,"showFlares":true,"showImageEffects":true,"showParticleSystems":true},"in2DMode":false,"pivot":{"x":-7.597484588623047,"y":-4.749460220336914,"z":0.8999999761581421},"rotation":{"x":-0.02430248074233532,"y":0.020089685916900636,"z":-0.0004888118710368872,"w":-0.9995070099830627},"size":0.06144304201006889,"orthographic":true}